15th-new-york-national-guard-enlistment-records,7
175th-anniversary-buffalo-erie-county-public-library,9
1825-pivotal-year-niagara-frontier,1
1909-hudson-fulton-celebration-postcards,1
1913-watervliet-flood,3
1935-federal-improvement-aerial-survey,4
1964-rochester-riot-photographs,10
19th-century-monographs-history-western-new-york,5
20th-century-remains-genesee-valley-canal,2
27th-division-world-war-two,3
BSM001,17
BUF005,7
BUF006,53
BUF009,4
Grolier01,18
JSY,380
Manhasset-Public-Library,2
NYBFL,4
NYCCH,53
NYCSN,83
NYHSR01,400
NYMHG,79
R6A001,230
VHB001,333
VHB011,523
VRT,23
VTP003,290
VTP005,202
VVN001,90
VX4,9
VXU,27
VXU001,499
VXU005,364
XFM001,415
YBM002,4
YJA,2
YJJ,5
ZBM,24
ZCQ001,41
adirondack-architectural-heritage,1
adirondack-experience,2
adirondack-history-center-museum-essex-county-historical-society,9
adirondack-map-collection,24
adkhistory,16
aerial-photographs-cary-institute-ecosystem-studies,1
afl,11
african-american-presence-hudson-valley,1
african-repository-and-colonial-journal,7
aggazette,4
agricola-and-paysonian-yearbooks,7
agricola-and-paysonian-yearbooks,1
agricola-and-paysonian-yearbooks,2
agricola-and-paysonian-yearbooks,2
aiha,36
albany-college-pharmacy-and-health-sciences-paul-byrnes-34-archives,1
albany-county-historical-association-ten-broeck-mansion,15
albany-law-school,1
albany-ny-school-yearbooks,4
albany-public-library,10
albert-r-stone-negative-collection,8
albert-wisner-public-library,1
albion-winegar-tourgee-collection,1
alexis-johnson-collection,1
alfred-university-herrick-library,1
alfred-university-new-york-state-college-ceramics,1
alfred-university-postcard-collection,2
allan-herschell-ride-archive,11
als,3
altamont-ny-history-collection,2
american-humane-association-be-kind-animals-poster-collection,2
anna-e-wilcox-collection,1
antique-boat-museum,2
appellate-division-fourth-department-law-library,1
archives-holland-land-company,1
astorcol,2
atari-coin-op-division-corporate-records-1969-2002,4
atlas-hudson-river-valley-new-york-city-troy,2
autographs,1
baldwinsville-public-library,7
baldwinsville-yearbook-collection,34
bard,133
bard-class-photos,2
bard-college-archives-and-special-collections,4
bard-tivoli-history-collection,1
barge-canal-construction-middle-division,2
barge-canal-construction-western-division,1
bayport-blue-point-historic-postcards,4
bayport-bluepoint-public-library,15
bayport-yearbooks,5
bellmore-historical-photographs,7
bentley-snow-crystal-collection,7
best-threads-fashions-warwick-new-york-circa-1900,7
bethlehem-public-library,9
bethlehem-public-library,1
bethpage-historical-collection,3
big-flats-and-chemung-county-historical-collection,1
binghamton-university-binghamton-university-libraries,1
blue-point-fire-department-collection,2
bpl,38
bpl_fsc,2
bpl_smp,2
brentwood-historical-collection,2
brentwood-historical-photographs,7
brentwood-postcards,1
brentwood-public-library,4
bryant-historic-postcards,3
buffalo-address-book-and-family-directory,7
buffalo-and-erie-county-public-library,34
buffalo-broadcasters-association,8
buffalo-central-terminal-scrapbook,1
buffalo-city-directories,46
buffalo-history-museum,15
buffalo-ku-klux-klan-membership-list,106
buffalo-municipal-housing-authority-report-maps,6
buffalo-museum-science,2
buffalo-photograph-collection-lantern-slides-circa-1890-1910,15
buffalo-postcards,6
building-franklin-d-roosevelt-presidential-library,2
burt-loescher-collection-rogers-rangers-french-and-indian-war,7
butler-family-papers,2
cairo-public-library-digital-collection,4
calderone-theatre-collection,4
camp-mills-photographs,9
camp-russell-boy-scouts-collection,1
camp-syracuse,7
canal-society-new-york-state,3
canastota-public-library,4
canisius-college-andrew-l-bouwhuis-library,3
canisius-college-buildings-history-and-maintenance,2
canton-central-school-yearbooks-collection,14
capital-district-library-council-albany-ny,4
cardinal-suny-plattsburgh-college-yearbooks,50
cary-institute-ecosystem-studies,16
catskill-public-library-digital-collection,5
cchs,3
cgc,7
cgcmh,14
charles-rand-penney-trail,4
charles-sylvester-piersaull-photographs,1
chatham-public-library,5
chatham-public-library-yearbook-collection,1
chatham-school-photographs-1890-1940,2
chautauqua-cattaraugus-library-system,4
chautauqua-cattaraugus-library-system-james-prendergast-library,5
chautauqua-cattaraugus-library-system-lakewood-memorial-library,1
chautauqua-cattaraugus-library-system-olean-public-library,4
chautauqua-county-historical-society,2
chemung-county-atlases,2
chester-historical-society,4
chester-historical-society-collection,5
childwold-photograph-collection,4
chittenango-landing-canal-boat-museum,4
chittenango-landing-historic-photograph-collection,5
chs,216
cia,134
cies,14
city-hudson-postcards-collection,25
civil-war-carte-de-visite-collection,19
civil-war-collection,1
civil-war-letters,1
clarkson,429
clarkson-family-history-collection,1
clarkson-university-harriet-call-burnap-memorial-library,5
clarkson-university-history-collection,2
clarksonian-yearbooks-collection,8
clarkstown-country-club,5
clifton-fine-central-school-yearbooks-collection,29
clifton-fine-central-school-yearbooks-collection,1
clifton-fine-central-school-yearbooks-collection,1
clifton-fine-central-school-yearbooks-collection,1
clinton-liberal-institute,1
cny-chapter-national-railway-historical-society,8
college-saint-rose-archives-map-collection,4
college-saint-rose-archives-photograph-collection,1
college-saint-rose-archives-student-literary-and-creative-publications,1
college-saint-rose-archives-yearbook-collection,3
college-saint-rose-neil-hellman-library,5
colonel-elmer-e-ellsworth-collection,1
colonial-manuscripts,11
colton-museum-and-historical-society,3
colton-pierrepont-central-school-yearbooks-collection,25
community-library-dewitt-jamesville,1
convivium-collection,1
corning-community-college-arthur-houghton-jr-library,1
corning-community-college-yearbooks-collection,3
corning-flood-1972,8
cornpl,89
cornwall-images-and-documents,5
cornwall-public-library,2
cortland-county-historical-society,2
county-atlas-ulster-new-york,2
cphpl,93
cpl,36
cradle-aviation-museum,36
crain-family-papers,3
cranberry-lake-yearbooks,3
crandall,64
crandall-public-library,5
crane-school-music,3
crouse-health-medical-library,4
crouse-hospital-history,14
crystal-beach,6
culinary-institute-america-archives-and-special-collections,24
culinary-institute-america-menu-collection,5
cure-cottages-saranac-lake-ny,4
daemen-college-daemen-college-library,1
daredevils-niagara-photos-writing-orrin-e-dunlap-collection,5
darwin-d-martin-photograph-collection,6
dcc,29
dchs,1
deruyter-town-history-postcard-collection,1
dewitt01,10
digital-long-island,4
doll-collection,1
douglass-monthly,15
dowling-college-dowling-college-library,1
dudley-observatory-artifacts,1
dudleyo,54
dunham-public-library,2
dutcher-family-collection,1
dutchess-community-college-francis-u-and-mary-f-ritz-library,2
dyouville-college-architecture-buildings-grounds,2
earlville-free-library,2
early-canastota-collection,5
early-history-potsdam,2
early-records-sacarissa-lodge-independent-order-odd-fellows,1
east-hampton-library,5
east-meadow-collection,9
east-meadow-public-library,2
edward-m-ruttenber-collection,1
edwards-knox-central-school-yearbooks-collection,8
elizabeth-blackwell,1
elizabeth-ryan-collection,2
ellenville-postcard-collection,1
ellenville-public-library-museum,7
ellis-hospital-collection,1
elmira-college-womenâ€™s-rights-and-suffrage-collection,2
elon-howard-eaton-ornithology-collection,2
elting,196
elting-memorial-library-haviland-heidgerd-historical-collection,10
emancipator,1
emily-howland-papers,1
emporium-lumber-company-photograph-collection,2
encyclopedia-union-college-history,7
endicott-area-newspapers,2
episcopal-diocese-central-new-york,1
eplm,55
eric-lindsay-memorial-postcard-collection,1
erie-canal,1
erie-canal-museum,7
erie-canal-photograph-collection,1
erieville-nelson-heritage-society,4
erieville-nelson-historic-collection,2
erma-dewitt-photographs,1
ernie-simon-collection,6
fairfield-medical-college,1
families-upstate-new-york,2
farmingdale-historical-collection,19
farmingdale-public-library,1
farmingdale-state-college-thomas-d-greenley-library,5
fayetteville-free-library,4
fayetteville-manlius-yearbooks,8
fdr,72
fenimore-art-museum,11
fhk,143
flickinger-papers,1
flood-1972-genesee-river-letchworth-state-park,4
floods-chemung-county,1
fmcc,6
forest-lawn-cemetery-margaret-l-wendt-archive-and-resource-center,1
forsyth-family-collection,3
fort-orange-collection,2
fort-plain-free-library,1
fort-plain-street-fair,1
fpfl,1
francis-m-and-henry-h-stone-collection,1
franklin-county-historical-and-museum-society,1
franklin-d-roosevelt-library,3
fred-walster-diary,1
frederick-douglass-paper,15
freeport-high-school-yearbooks-and-commencement-programs,10
freeport-historic-photographs,48
freeport-memorial-library,24
friends-historic-kingston,5
galway-public-library,1
gar-wood-collection,5
garden-city-general-collection,1
garden-city-public-library,3
gcla,271
ge-research-lab-photographs,2
gene-horton-collection,12
genealogy/digital.asp,1
general-collection,1
general-electric-photographs,2
genesee-community-college-history,2
genesee-valley-hunt,6
genesee-valley-town-and-country-collection,4
geneva-historical-society,12
geneva-medical-college-1834-1871,11
geneva-ny-city-directories,5
geneva-public-library,2
george-f-johnson-memorial-library,4
george-nathan-newman-collection-photographs-vanished-and-vanishing-buffalo,3
george-nathan-newman-collection-photographs-vanishing-buffalo,1
glen-cove-historic-postcards,2
glen-cove-library,5
glen-cove-public-library-photograph-collection,3
glens-falls-hometown-usa,3
golden-age-st-lawrence,2
golden-hill-school-collection,1
gordon-muck-collection,42
goshen-ny-postcards,5
goshen-public-library-historical-society,6
gouverneur-central-school-yearbooks-collection,21
gpl,81
gplhs,62
great-neck-library,6
great-neck-photographs-collection,3
greater-oneonta-historical-society,1
greene-county-libraries-association,12
greene-county-libraries-association,2
greene-county-libraries-association,1
greene-county-libraries-association,1
greenwood-lake-public-library,1
greenwood-lake-public-library-scrapbooks,1
gridiron-yearbooks,7
grn,2
groundbreaking-health-sciences-library,2
grove-sheldon-gilbert-portraits,7
grumman,8
haal,120
half-hollow-hills-community-library,1
half-hollow-hills-historic-melville,2
hamilton-burr-duel-collection,1
hammond-central-school-yearbooks,5
hardy-family-photographs,2
harriet-martin-dey-photograph-collection,6
harrisville-central-school-yearbooks,2
harry-bruno-collection,3
hartwick-seminary-records-hartwick-college,1
harvey-fite-collection,4
hasbroucks-locust-lawn,2
haverstraw-ny-history-collection,1
haviland-heidgerd-historical-collection-images-and-documents,5
heermance-memorial-library-digital-collection,1
hempstead-public-library,3
henry-page-historical-files,1
henry-uihlein-scrapbook,5
herbert-pratt-estate-collection,2
hermon-dekalb-central-school-yearbooks-collection,4
herschell-carrousel-factory-museum,1
heuvelton-central-school-yearbooks,14
hhs,677
hicksville-public-library,1
high-school-yearbooks-chemung-county,11
highland-hospital-1889-1940,1
highland-hospital-1940-1949-school-nursing-during-world-war-ii,5
highland-hospital-school-nursing-scrapbooks,2
hilbert-college-mcgrath-library,2
hiram-s-wilson-civil-war-letters,5
historic-bayport-snapshots-time,2
historic-greeting-cards,1
historic-hempstead,58
historic-huguenot-street,18
historic-huguenot-street-photographs-and-portraits,3
historic-ithaca,3
historic-postcards-east-rockaway-ny,7
historic-postcards-lynbrook-ny,5
historic-postcards-new-rochelle,3
historic-postcards-ulster-county,1
historic-red-hook,36
historical-maps-ithaca-and-tompkins-county,4
historical-photographs-east-rockaway,2
historical-photographs-lynbrook,1
historical-society-east-rockaway-and-lynbrook,17
historical-society-massapequas-collection,11
historical-society-rockland-county,17
history-black-community-syracuse,15
history-center-tompkins-county,1
history-town-amherst-new-york-1818-1965,9
history-village-lakewood,5
history-waterville-collection,8
hobart-and-william-smith-colleges,2
hofstra-buildings-collection,1
hofstra-estate-collection,10
hofstra-university-hofstra-university-library,3
holland-land-company-archives,20
holland-land-company-maps,64
holland-patent-free-library,1
holy-family-high-school-yearbooks,1
homelands-exhibition,1
honeoye-falls-lima-yearbook-collection,17
horse-thieves-collection,1
hospital-good-shepherd,4
houghton-college-willard-j-houghton-library,5
hrh,80
hrmm,165
hrvi,176
hsrc,679
hsw,20
hudson-8000-years-native-american-history-and-culture,1
hudson-area-library,12
hudson-fulton-celebration-1909,3
hudson-river-day-line-collection,5
hudson-river-maritime-museum,12
hudson-river-night-boat-collection,2
hudson-river-valley-institute,5
hudson-valley-community-college,6
hudson-valley-technical-institute-1953-1958,7
hudson-valley-visual-art-collections-consortium,3
huntington-archives,6
huntington-documents,2
huntington-historical-maps,2
huntington-historical-photographs,3
huntington-legal-manuscripts,7
huntington-memorial-library,4
huntington-political-cartoons,3
huntington-postcard-collection,2
huntington-public-library,12
huntington-town-clerks-archives,13
huntington-war-manuscripts,4
hvcc,156
hvvacc,21
hws-vail-photograph-collection,1
hyde-hall,3
ilion-urban-renewal-collection,8
images-early-vassar,1
images-kingston-new-york,4
images-rockland-county,3
industries-old-new-hartford-collection,1
ingraham-p-smith-collection,2
ipl,109
irvington-ny-history-collection,6
irvington-public-library,6
ithaca-college-library,7
ithaca-college-photographs,1
ithaca-college-yearbooks,1
j-n-adam-memorial-hospital,10
james-milne-suny-oneonta,3
jamestown-and-olean-ny-city-directories-1875-1916,3
jcclibrary,92
je-me-souviensi-remember-presenting-and-preserving-heritage-upstate-new-yorks-franco,17
jefferson-community-college-jefferson-community-college-library,1
jennie-curtis-cannon-collection,1
jervis-public-library,6
jewish-buffalo-image-collection,4
john-b-jervis-drawings,3
john-scott-postcard-collection,2
jones-collection,2
joseph-h-treyz-collection-civil-war-patriotic-envelopes,2
judicial-portrait-collection,2
justus-f-mueller-phd-papers,1
katherine-deyo-cookingham-downer-collection,1
kay-flickinger-dockstader-papers,2
kay-flickinger-papers,1
keenev,61
ken-spooner-collection,3
kent-historical-society-digital-collection,3
keuka-college-lightner-library,4
kingston-ibm-years,3
la-bella-america-old-country-north-country,5
lake-placid-olympic-museum,6
lake-placid-public-library,2
lake-placid-public-library-photograph-archive,1
lake-view-cemetery-records,28
lantern-slides-palisades-interstate-park-commission,2
larc,888
lc,22
leo-h-bock-lynbrook-photo-collection,1
levittown-history-collection,7
levittown-public-library,1
lewis-h-brown-collection,2
liberty-high-school-library,7
liberty-high-school-yearbooks,10
libertyhs,641
library-association-rockland-county,2
library-association-rockland-county-haverstraw-kings-daughters-public-library,1
library-association-rockland-county-new-city-library,2
library-association-rockland-county-pearl-river-library,2
library-association-rockland-county-tomkins-cove-public-library,2
library-association-rockland-county-valley-cottage-library,1
lily-dale-postcards,1
lisbon-central-school-yearbooks,15
liverpool-yearbook-collection,10
livpub01,842
local-history-room-map-collection,5
locust-grove-estate,9
locust-historical-collection,2
locust-valley-library,4
locustgrove,232
long-island-airfields,2
long-island-manufacturers,12
longwood-public-library,1
love-canal-images,11
madison-county-atlases,1
madrid-waddington-central-school-yearbooks-collection,15
mag-exhibition-views,1
major-william-welch-document-collection,1
manhasset-photograph-collection,1
manhasset-public-library,2
manlius-library,6
margaret-hort-trudeau-sanatorium-photograph-collection,1
margaret-woodbury-strong-papers-1897-1969,1
maria,106
maria-college,4
maria-college-occupational-therapy-department-assistive-device-collection,9
maria-college-occupational-therapy-department-assistive-device-collection,1
maris-b-pierce-papers,4
mark-twain-collection,16
marlboro,13
marlboro-free-library,6
marlboro-ny-history-collection,3
martha-blow-wadsworth-photograph-collection,3
marty-himes-racing-collection,1
mary-fowler-gaines-postcard-collection,1
mason-malone-collection,2
massapequa-library-history-collection,3
massapequa-public-library,32
massena-central-school-yearbooks-collection,43
masten-park-high-school-chronicle-yearbooks,13
mastics-moriches-shirley-community-library,6
maurice-leyden-collection,1
maverick-musicians-portraits,2
max-reinhardt-collection,3
maybrook-railroad-museum,2
mbl,4
mcgraw-historical-society,8
mdpl,10
mechanicville-district-public-library,1
mendon-public-library,11
merrick-historical-photographs,5
merrick-library,5
merrick-veterans-collection,1
mfl,2
military-memories-veterans-voices-oral-history-collection,2
militia-enrollment-scrapbook-1888-1917,1
milton-price-and-tomlin-art-co-postcard-collection,1
miner,11
miner-institute-blueprints-and-maps-collection,2
mining-collection,3
misci-museum-innovation-and-science,3
mlw,48
mmscl-maps,3
mmscl-vertical-files,2
moffat-library-washingtonville,12
mohawk-valley-boy-scouts-collection,2
montauk-historical-postcards,2
montauk-library,2
morristown-central-school-yearbooks,5
morristown-central-school-yearbooks,1
mountain-top-library-digital-collection,5
mrhs,22
mv,10
n-triple-scene,4
nathan-s-kline-institute-history-collection,2
nathan-s-kline-institute-psychiatric-research,10
national-anti-slavery-standard,8
national-freedman,2
natural-disasters-schenectady-county,2
nazareth-college-gleaner-collection,15
nccc-commencement-ceremony-programs,1
nccc-yearbooks,6
nehasane-park-photograph-collection,9
network-religious-communities,2
new-city-library-image-collection,1
new-city-library-oral-history-collection,1
new-hartford-public-library,1
new-national-era,7
new-paltz-town-records,2
new-paltz-town-records-digital-collection,1
new-rochelle-public-library,7
new-york-central-college,4
new-york-central-stations-buffalo-ny-scrapbook,3
new-york-chiropractic-college-new-york-chiropractic-college-museum,1
new-york-ordnance-works-collection,19
new-york-paris-race,3
new-york-state-military-museum-and-veterans-research-center,5
newark-area-history-and-views,1
newark-public-library,1
newark-public-library-history,1
newburgh,235
newburgh-free-library,2
newburgh-heritage-collection,3
newsletters-cary-institute-ecosystem-studies,3
ngrl,351
nhc,92
niagara-county-community-college-henrietta-g-lewis-library,2
niagara-county-community-college-yearbooks,1
niagara-county-historical-society,2
nickell-collection-dr-rv-pierce-medical-artifacts,8
nickell-snake-oil-collection,3
nioga-library-system-lockport-public-library,7
nnyg,13
nor,8
norbn,52
norman-l-woodford-md-papers,1
north-country-community-college-north-country-community-college-libraries,4
north-star,6
northport-east-northport-photograph-collection,16
northport-east-northport-postcard-collection,6
northport-east-northport-public-library,28
norwood-norfolk-central-school-yearbooks,17
nptr,141
nrpl,222
nwkpld,15
ny-ontario-western-railway-photographs,5
nyack-library,4
nyack-library-local-history-collection,2
nyack-turnpike-maps-and-documents,3
nyacklib,616
nyrud,48
nysmm,125
occc,1
oceanside-high-school-yearbooks,43
oceanside-high-school-yearbooks,2
oceanside-high-school-yearbooks,5
oceanside-high-school-yearbooks,17
oceanside-high-school-yearbooks,1
oceanside-library,1
oceanside-library-history,4
octagon-houses-collection,12
octagon-houses-collection,1
ogdensburg-city-school-district-yearbook-collection,19
old-houses-north-country,2
old-main-suny-oneonta,3
old-sand-hole-church,1
oneida-county-anti-slavery-petitions,1
oneida-public-library,9
oneida-yearbook-collection,42
oneonta-ny-railroad-memorabilia-hartwick-college,1
onondaga-community-college-yearbooks,1
onondaga-county-public-library-central-library,12
ontarian-yearbooks,1
orange-county-atlas-collection,6
orangetown,2
oswego-city-directories,8
oswego-historical-society,14
oswego-public-library,5
otsego-county-womans-christian-temperance-union-collection,2
p128401coll4,5
p15004coll9,123
p15052coll1,7
p15052coll2,16
p15052coll3,8
p15052coll4,7
p15052coll5,142
p15085coll2,9
p15085coll6,32
p15085coll7,71
p15109coll11,81
p15109coll4,4
p15109coll6,366
p15109coll7,207
p15281coll1,3
p15281coll10,148
p15281coll104,9
p15281coll12,424
p15281coll154,20
p15281coll19,251
p15281coll2,322
p15281coll20,100
p15281coll25,45
p15281coll27,128
p15281coll33,303
p15281coll37,305
p15281coll38,59
p15281coll39,990
p15281coll40,379
p15281coll56,11
p15281coll58,2
p15281coll59,46
p15281coll65,8
p15281coll66,12
p15281coll75,9
p15281coll76,144
p15281coll78,38
p15281coll8,16
p15405coll1,12
p16124coll1,77
p16124coll2,594
p16124coll3,9
p16124coll4,16
p16124coll6,14
p16124coll7,2
p16124coll8,4
p16202coll7,326
p16373coll115,40
p16373coll122,295
p16373coll123,47
p16373coll130,165
p16373coll49,396
p16373coll50,218
p16373coll58,208
p16373coll59,8
p16373coll80,133
p16373coll85,161
p16694coll1,332
p16694coll10,718
p16694coll100,29
p16694coll104,488
p16694coll105,114
p16694coll106,205
p16694coll108,104
p16694coll109,613
p16694coll11,14
p16694coll110,11
p16694coll111,3
p16694coll112,4
p16694coll115,5
p16694coll118,5
p16694coll12,6
p16694coll120,11
p16694coll124,30
p16694coll13,16
p16694coll14,10
p16694coll15,17
p16694coll16,2
p16694coll17,42
p16694coll18,56
p16694coll19,906
p16694coll2,69
p16694coll20,069
p16694coll21,1
p16694coll22,2
p16694coll23,20
p16694coll24,19
p16694coll25,412
p16694coll26,213
p16694coll28,2
p16694coll29,608
p16694coll3,18
p16694coll33,36
p16694coll35,4
p16694coll36,6
p16694coll37,8
p16694coll38,673
p16694coll39,89
p16694coll4,15
p16694coll41,2
p16694coll43,539
p16694coll44,5
p16694coll45,500
p16694coll47,309
p16694coll49,71
p16694coll5,30
p16694coll50,288
p16694coll51,133
p16694coll52,122
p16694coll54,24
p16694coll55,1
p16694coll56,179
p16694coll57,23
p16694coll58,63
p16694coll59,7
p16694coll6,95
p16694coll60,8
p16694coll61,18
p16694coll62,2
p16694coll63,133
p16694coll64,24
p16694coll65,293
p16694coll66,13
p16694coll69,86
p16694coll7,157
p16694coll70,3
p16694coll71,4
p16694coll72,92
p16694coll73,97
p16694coll75,70
p16694coll76,1
p16694coll77,2
p16694coll78,69
p16694coll79,579
p16694coll8,56
p16694coll80,78
p16694coll82,69
p16694coll83,834
p16694coll85,50
p16694coll86,26
p16694coll87,85
p16694coll9,20
p16694coll90,51
p16694coll91,22
p16694coll94,7
p16694coll96,86
p16694coll98,32
p16694coll99,4
p17042coll3,133
p261501co1l12,261
p261501coll7,11
p274401coll1,34
p277601coll11,1
p277601coll2,4
p277601coll3,128
p277601coll4,5
p277601coll5,49
p277601coll7,518
p277601coll8,32
p4020coll5,327
palisades-interstate-park-commission,3
palisades-ny-history-collection,2
pan-american-exposition-collection,7
pan-american-exposition-scrapbooks,6
parishville-hopkinton-central-school-yearbooks,5
patrick-casey-collection,1
paul-smiths-college-collection,3
paul-smiths-college-joan-weill-adirondack-library,7
paul-smiths-college-st-regian-yearbooks-collection,4
paulsmiths,254
pchc,118
pchs,3
pearl-river-ny-history-collection,4
personal-war-sketches-members-ellis-post-no-52-newburgh-ny,2
personalities,1
phillip-trypuc-collection,1
phillip-winchester-collection,1
photographs-bob-wyer,5
photographs-mary-flagler-cary,4
phs,44
pictorial-history-sonnenberg,4
pioneer-yearbooks,5
pipc,227
plain-talk,2
plainview-old-bethpage-public-library,2
plainview-old-bethpage-public-library-local-history-photograph-collection,4
platt-benson-oakley-photograph-collection,2
plattekill-historical-society,3
plattspub,2
polish-community-syracuse-ny,1
polster-photographs-lockport-ny,10
port-washington-main-street-collection,13
port-washington-public-library,34
potsdam-central-school-yearbooks-collection,38
potsdam-fire-department,5
potsdam-normal-magazine,1
potsdam-normal-school-collection,1
potsdam-railroad-1850-2000,1
ppm,52
privacy,1
privacy,1
proceedings-rochester-academy-science,1
provincial-exile-roelof-j-eltinges-banishment-paltz,2
putnam-county-historians-office-digital-collection,4
putnam-county-ny-history-collections,7
qc,1
qcgslis,30
qcgslis_f06,44
quilt-patterns-onondaga-county-1919-1923,2
quitman,9
radical-abolitionist,2
railroad-photograph-collection,15
rambler-newsletter,4
raquette-river-dams-oral-history-project,15
rcich,7
red-hook-postcards,1
reflections-yearbook-collection,2
refugees-starting-over-collection,4
reher-center-collection,3
reher-center-immigrant-culture-and-history,3
reid-gallery-prominent-citizens-rome-new-york,2
reminiscent-history-north-collins,4
reminiscent-history-north-collins-erie-county-ny,1
remsen-steuben-historical-society,5
rensselaer-county-historical-society,9
rensselaer-county-historical-society-edgar-holloway-collection-watercolors-and-prints,2
residential-albany-new-york,4
rhs,43
richard-linke-collection-adirondacks-re-viewed-photographs,1
richard-t-gilmartin-collection,1
robert-e-hager-canal-boat-diagrams,4
rochester-area-cemetery-records,3
rochester-area-church-records,3
rochester-area-historians-holdings,1
rochester-civic-garden-center,5
rochester-genealogical-society,9
rochester-homeopathic-genesee-hospital-collection,1
rochester-museum-science-center,1
rochester-regional-library-council,2
rockville-centre-historic-school-photographs,4
rockville-centre-historic-village-photographs,11
rockville-centre-library-history,1
rockville-centre-public-library,9
roosevelt-vanderbilt-historical-association,1
roosevelts-visit-syracuse,2
roswell-p-flower-memorial-library,3
rudolf-steiner-library-anthroposophical-society,3
rudolf-steiner-library-anthroposophical-society-america,3
rushton-collection,6
ruth-n-holroyd,2
sacandaga-park-ny-postcard-collection,3
safe-haven,2
saint-regis-mohawk-tribe,6
salfree,24
salina-free-library,5
sally-ploof-hunter-memorial-library,1
sally-ploof-hunter-memorial-library-yearbooks,2
sand-pumpings,12
saranac-inn-photograph-collection,1
saratoga-springs-public-library,4
sardinia-historical-society,1
saugerties-ny-history-collection,1
saugerties-public-library,1
scarsdale-high-school-yearbooks,2
scarsdale-photographs-and-slides,2
scarsdale-public-library,5
sccc,23
schaffer-library-postcard-collection,1
schenectady-county-community-college,2
schenectady-county-historical-society,24
schenectady-new-york-street-scenes,4
schmuse,183
schuelke-collection,4
scpl,175
scrlc-historical-photographs-and-documents,1
senate-house-collection,2
senate-house-historic-site,2
senatehouse,57
seneca-falls-historical-society,2
seneca-ray-stoddard-adirondack-stereoviews,2
shs,21
siena,91
siena-college,9
siena-college-archives-historic-photographs-collection,2
sister-joanette-rutkowski-fssj-archives-and-historical-collection,1
skaneateles-lake-collection,1
skaneateles-library-association,4
slcha,25
slfl,14
sllboces,123
smithtown-library,2
solvay-geddes-historical-society,1
somers-historical-society,2
somers-local-history-collection,1
soule-collection,1
south-central-regional-library-council,1
south-mountains-collection,3
spencerport-high-school-yearbooks,1
spl,42
sports-and-recreation-schenectady-new-york,2
srmtenv,4
srr_ecm,117
srr_enhs,61
srr_ham,14
srr_lfpl,7
srr_ocpl,80
srr_oneida,581
srr_sghs,24
srr_skanhis,5
srr_sph,6
srr_sulaw,13
srr_tromp,71
srr_utica,176
sspl,39
st-john-fisher-college,10
st-josephs-college-callahan-library,1
st-lawrence-central-school-yearbooks-collection,14
st-lawrence-county-historical-association,2
st-lawrence-lewis-board-educational-services,70
st-lawrence-university-special-collections-and-vance-university-archives,10
st-marys-academy-yearbooks-collection,1
st-patricks-high-school,6
staatsburg-library-image-collection,2
stamford-village-library,4
state-reservation-niagara,1
state-university-new-york-canton-southworth-library,1
state-university-new-york-oswego-penfield-library,5
state-university-new-york-plattsburgh-feinberg-library,21
state-university-new-york-potsdam-college-libraries,3
state-university-new-yorkoneonta-james-m-milne-library,4
steele-memorial-library,1
steinmetz-digital-collection-schenectady,2
sterling-iron-railway-company-correspondence-collection,1
sterling-mines-photograph-collection,1
stlawu,923
stone-ridge-public-library,1
strose,17
student,6
suckley-family-world-war-i-collection,4
suffern-ny-history-collection,2
suny-adirondack-community-college-library,4
suny-brockport-stylus-collection,1
suny-erie-community-college-suny-erie,1
suny-fredonia-daniel-reed-library,15
suny-geneseo,5
suny-new-paltz-college-yearbook-collection,3
suny-new-paltz-sojourner-truth-library,6
suny-plattsburgh-campus-newsletters,1
suny-polytechnic-institute-cayan-library,1
suny-schenectady-county-community-college-50th-anniversary-collection,1
suny-upstate-medical-university-health-sciences-library,13
sunynp,847
sunyoswego,964
sunypotsdam,304
sunyup01,116
supl,066
syracuse-central-high-school-archives,4
ten-eyck-fonda-collection,2
thatcher-glass-manufacturing-company-collection,4
theodore-roosevelt-inaugural-site-foundation,5
thousand-islands-arts-center,4
thousand-islands-museum,4
ticonderoga-pulp-and-paper-company-photograph-collection,2
tim,20
tobcl,5
tomkins-cove-ny-history-collection,4
town-ballston-digital-collection,1
town-clifton-park-history-collection,4
town-henrietta,3
town-volney-scrapbooks,2
townofhen,1
tpl,237
tps,6
troy-public-library,1
troy-public-library-postcard-collection,1
troy-public-library-postcard-collection,1
troy-public-library-postcard-collection,1
tsc,32
tugboats-workhorses-hudson,4
tupper,042
tupper-lake-goff-nelson-memorial-library,7
tupper-lake-high-school-yearbook,20
tupper-lake-public-library-photograph-collection,5
tuxedo-park-historic-photographs,5
tuxedo-park-historic-postcards,2
tuxedo-park-library,26
tuxedo-park-national-register-historic-places-inventory,2
tuxedo-park-photo-albums,4
twentieth-century-club-buffalo,3
twvmhs,1
uccc,9
uchs,37
ulster-county-community-college-macdonald-dewitt-library,2
ulster-county-historical-society,9
union-college,7
union-college-aaron-j-feingold-judaica-collection,3
union-college-civil-war-era-patriotic-envelopes,1
union-college-elizabeth-taylor-postcard-collection,3
union-college-frank-santaro-postcard-collection,4
union-college-robert-n-michaelson-uc-1972-postcard-collection,5
union-college-william-hahn-postcard-collection,2
university-hospital,4
university-rochester-medical-center-eastman-institute-oral-health,1
university-rochester-medical-center-edward-g-miner-library,4
university-rochester-medical-center-highland-hospital,1
university-rochester-memorial-art-gallery,7
us-army-52nd-general-hospital-collection,1
utica-college-center-historical-research,1
utica-free-academy-yearbooks,19
utica-zoo-collection,1
vassar,32
vassar-brothers-medical-center-archives,2
vassar-college-archives-special-collections-library,2
vbmc,93
verne-morton-photograph-collection,1
victor-hammer-collection,4
village-freeport-newsletters,2
village-manlius-collection,7
village-new-york-mcgraw-history,9
village-voorheesville-historical-records,6
vincent-astor-collection,9
violetta-white-delafield-mushroom-collection,6
violetta-white-delafield-mushroom-collection,1
virginia-marshall-martus-collection,2
volney,9
volney-town-history-center,7
voorheesville-public-library,4
walt-whitman-collection,1
walter-t-shirley-collection,2
walworth-historical-society,2
war-1812,29
war-1812-letters-young-mens-association,3
ward-manor,2
ward-manor-collection,1
washingtonville-historic-photograph-collection,3
washingtonville-historic-postcard-collection,1
wat,929
waterbury-mill,1
watertown-high-school-yearbooks-collection,15
watervliet-businesses,1
watervliet-public-library,10
wells-college-louis-jefferson-long-library,2
west-hempstead-local-history,15
west-hempstead-public-library,5
west-monroe-historical-collection,1
west-monroe-historical-society,7
west-nyack-ny-history-collection,3
westbury-memorial-public-library,1
western-new-york-county-atlases,4
western-new-york-genealogical-society,2
western-new-york-index,3
westinghouse-family-papers,4
whaling-museum-and-education-center,2
whitesboro-school-yearbooks,22
wilderstein,524
wilderstein-historic-site,8
william-k-sanford-town-library,7
william-n-weeden-color-printing-manuscript-1886,2
william-suydam-letters,1
wivb-tv-television-news-film-and-video-archives,3
womens-rights-collection,2
woodstock-artists-association-and-museum-collection,2
woodstock-byrdcliffe-guild-collection,2
woodstock-public-library-district,2
working-erie-canal,7
ws-teator-glass-plate-negative-collection,1
xfr,9
xgy,72
yearbooks,5
yellow-fever-collection,4
yu,13
